algorithm,median_rpd_pct,success_5pct_pct,convergence_efficiency_vs_GA_x,mean_rank
DFOX-APNS,6.686561350077509,43.333333333333336,1.7178038897669086,2.1
GA+Tabu,11.083095617725302,20.0,1.2513266743336284,3.2
DWOA-AVNS,11.743004348085496,3.333333333333333,1.2551975163404991,3.533333333333333
Tabu,13.779118470822684,6.666666666666667,1.4042326282993427,4.0
DWOA+Tabu-fixed,14.471114387706503,0.0,1.0231911753803253,4.6
ACO,24.4702160224406,20.0,1.7138626186455816,6.0
DPSO,26.65281891564481,0.0,0.9197956090297763,7.0
DWOA-original,30.841158041186656,0.0,0.9445754210009635,7.366666666666666
GA,28.042271270657224,0.0,1.0,7.533333333333333
DFOX-Base,39.83058125776395,0.0,0.8560327978660727,9.666666666666666
