family,algorithm,median_exact_gap_pct
uniform,GA,12.083359503685497
uniform,Tabu,9.392498303087883
uniform,GA+Tabu,17.467788171371676
uniform,ACO,11.810255309132387
uniform,DPSO,11.955886811219912
uniform,DWOA-original,15.246045325122568
uniform,DWOA+Tabu-fixed,9.824230981381728
uniform,DWOA-AVNS,16.012671601017416
uniform,DFOX-Base,17.759655298990854
uniform,DFOX-APNS,1.4653721065813772
clustered,GA,2.944828937897275
clustered,Tabu,3.7172352442696273
clustered,GA+Tabu,1.6917939384426468
clustered,ACO,9.913595615877844
clustered,DPSO,7.363061292386068
clustered,DWOA-original,7.441753677711676
clustered,DWOA+Tabu-fixed,0.6279510352133151
clustered,DWOA-AVNS,4.822544797203515
clustered,DFOX-Base,8.090346103505722
clustered,DFOX-APNS,1.354426693138934
price_distance_conflict,GA,16.709786355451868
price_distance_conflict,Tabu,17.310705795545577
price_distance_conflict,GA+Tabu,8.116804134495503
price_distance_conflict,ACO,26.23120619667894
price_distance_conflict,DPSO,15.923306370842454
price_distance_conflict,DWOA-original,10.660850893547302
price_distance_conflict,DWOA+Tabu-fixed,10.38564277252512
price_distance_conflict,DWOA-AVNS,6.967319917491566
price_distance_conflict,DFOX-Base,20.23320502715015
price_distance_conflict,DFOX-APNS,6.967319917491566
shared_hubs,GA,10.584315333517269
shared_hubs,Tabu,7.392122465664074
shared_hubs,GA+Tabu,0.04325743435132616
shared_hubs,ACO,0.04325743435132616
shared_hubs,DPSO,10.710850110347373
shared_hubs,DWOA-original,5.8490438079315235
shared_hubs,DWOA+Tabu-fixed,8.879876890308656
shared_hubs,DWOA-AVNS,-2.216326333704843e-14
shared_hubs,DFOX-Base,4.944064437986157
shared_hubs,DFOX-APNS,8.879876890308656
deceptive_groups,GA,2.2273459386251604
deceptive_groups,Tabu,10.151319696323606
deceptive_groups,GA+Tabu,0.058679104166429234
deceptive_groups,ACO,5.310495819978175
deceptive_groups,DPSO,3.831345522150024
deceptive_groups,DWOA-original,1.633372415546264
deceptive_groups,DWOA+Tabu-fixed,0.6956579979500002
deceptive_groups,DWOA-AVNS,0.151021970824996
deceptive_groups,DFOX-Base,4.138568760996541
deceptive_groups,DFOX-APNS,0.151021970824996
