family,algorithm,median_rpd_pct,success_5pct_pct,median_auc
clustered,ACO,26.344670345736034,0.0,26.971652380018867
clustered,DFOX-APNS,5.028284318984032,50.0,23.34136220476615
clustered,DFOX-Base,39.83058125776395,0.0,50.70178144537703
clustered,DPSO,28.7215751058432,0.0,48.294572600088046
clustered,DWOA+Tabu-fixed,15.842710798569556,0.0,44.41028400740285
clustered,DWOA-AVNS,11.852118845172974,0.0,31.285924130100327
clustered,DWOA-original,33.081967939970426,0.0,46.18687354615041
clustered,GA,29.76915174512905,0.0,46.611218486655005
clustered,GA+Tabu,11.117421356048304,33.333333333333336,35.12235730183052
clustered,Tabu,13.158710215340658,0.0,30.19594418829559
deceptive_groups,ACO,16.295231136009136,0.0,16.990448510422112
deceptive_groups,DFOX-APNS,1.3589408832508236,83.33333333333333,36.87755135272169
deceptive_groups,DFOX-Base,52.336661271231705,0.0,91.59753085534236
deceptive_groups,DPSO,39.16995499683193,0.0,79.82949246396126
deceptive_groups,DWOA+Tabu-fixed,13.963166830286532,0.0,72.62739824420086
deceptive_groups,DWOA-AVNS,7.56270697222464,16.666666666666668,48.28626366242874
deceptive_groups,DWOA-original,37.14895801478046,0.0,73.58602929674444
deceptive_groups,GA,46.35356211739111,0.0,79.40701301070197
deceptive_groups,GA+Tabu,8.97922855439694,0.0,59.3071206124104
deceptive_groups,Tabu,9.217195107699588,16.666666666666668,41.3953062928756
price_distance_conflict,ACO,26.97477683297433,0.0,27.628617539357776
price_distance_conflict,DFOX-APNS,6.7430704251044915,33.333333333333336,22.098635027709925
price_distance_conflict,DFOX-Base,34.35771693145462,0.0,40.94616998689868
price_distance_conflict,DPSO,21.3448554562164,0.0,36.00186475448909
price_distance_conflict,DWOA+Tabu-fixed,13.137622490416346,0.0,33.68644261579929
price_distance_conflict,DWOA-AVNS,14.906951100756489,0.0,32.87858554213389
price_distance_conflict,DWOA-original,26.29585955282385,0.0,34.80155489359636
price_distance_conflict,GA,26.978693193737733,0.0,38.24748763599014
price_distance_conflict,GA+Tabu,13.348453675526716,0.0,31.138798540594685
price_distance_conflict,Tabu,11.092851259544425,16.666666666666668,26.60850078499807
shared_hubs,ACO,1.8801318032770737,100.0,13.670900149611025
shared_hubs,DFOX-APNS,6.212625005632852,33.333333333333336,20.198380069054785
shared_hubs,DFOX-Base,34.68501191611473,0.0,40.11777285837845
shared_hubs,DPSO,21.316978666363,0.0,41.21093575101402
shared_hubs,DWOA+Tabu-fixed,17.196128819661872,0.0,35.82374409277672
shared_hubs,DWOA-AVNS,9.599784212836049,0.0,24.554170795879333
shared_hubs,DWOA-original,18.300331316869446,0.0,34.16395709934788
shared_hubs,GA,18.01983210048456,0.0,32.919985857549676
shared_hubs,GA+Tabu,11.155037495172138,0.0,31.74045213397734
shared_hubs,Tabu,16.38718424215214,0.0,29.468437753095927
uniform,ACO,41.55133702635361,0.0,42.48719343625684
uniform,DFOX-APNS,13.584963103247706,16.666666666666668,31.820567238745344
uniform,DFOX-Base,42.76555236256439,0.0,55.87972695940161
uniform,DPSO,28.086658213651795,0.0,49.23523632307524
uniform,DWOA+Tabu-fixed,14.034503159833088,0.0,45.66415961275246
uniform,DWOA-AVNS,17.274632182741982,0.0,39.972449201654555
uniform,DWOA-original,33.79714926732481,0.0,48.04209694449547
uniform,GA,28.16417883583317,0.0,45.778038445778066
uniform,GA+Tabu,4.020535175120946,66.66666666666667,35.499724055769235
uniform,Tabu,18.112756132539946,0.0,36.87401204748997
