algorithm,instance,family,seed,score,rpd_pct,hit5,hit_eval_5,hit1,hit_eval_1,conv_auc_rpd
GA,uniform_01,uniform,77,1622.651456055385,30.468698016535757,0,,0,,51.60017457088869
Tabu,uniform_01,uniform,77,1453.9677025888477,16.905742392767937,0,,0,,48.28092226810091
GA+Tabu,uniform_01,uniform,77,1243.709395988399,0.0,1,1000,1,1160,36.41852157870007
ACO,uniform_01,uniform,77,1803.5915342991138,45.01711896015437,0,,0,,45.46483597395657
DPSO,uniform_01,uniform,77,1582.9781190535248,27.27877783664268,0,,0,,53.22093873507334
DWOA-original,uniform_01,uniform,77,1642.6188237803726,32.074166929884214,0,,0,,49.701415051803096
DWOA+Tabu-fixed,uniform_01,uniform,77,1457.930906915184,17.224402389960186,0,,0,,45.47465366203125
DWOA-AVNS,uniform_01,uniform,77,1460.573592308412,17.436886544357655,0,,0,,45.59394916418119
DFOX-Base,uniform_01,uniform,77,1819.2529766683033,46.27637151703829,0,,0,,58.87124132035455
DFOX-APNS,uniform_01,uniform,77,1439.0034438203054,15.702546628804932,0,,0,,35.598581004768775
GA,uniform_01,uniform,10084,1645.9820763630232,32.344588026122516,0,,0,,51.900756628543405
Tabu,uniform_01,uniform,10084,1431.663889737415,15.112412461887468,0,,0,,31.534752159409333
GA+Tabu,uniform_01,uniform,10084,1301.9124508854484,4.67979538345406,1,1160,0,,34.58092653283839
ACO,uniform_01,uniform,10084,1772.582696087616,42.523864642745714,0,,0,,44.01840830660876
DPSO,uniform_01,uniform,10084,1673.931867939621,34.591880815479115,0,,0,,55.1586519282081
DWOA-original,uniform_01,uniform,10084,1607.3766845421483,29.240535588680366,0,,0,,46.639403564360435
DWOA+Tabu-fixed,uniform_01,uniform,10084,1449.8582479211077,16.57532319026009,0,,0,,52.623026271428685
DWOA-AVNS,uniform_01,uniform,10084,1381.723235352589,11.096952375639802,0,,0,,40.504717099433826
DFOX-Base,uniform_01,uniform,10084,1662.5808576361667,33.67920697542716,0,,0,,60.351168821893324
DFOX-APNS,uniform_01,uniform,10084,1432.3898785069453,15.170785323897828,0,,0,,33.876995772324236
GA,uniform_01,uniform,20091,1639.3808005451506,31.813814853614115,0,,0,,48.21277501078414
Tabu,uniform_01,uniform,20091,1522.4845903888788,22.41481774598415,0,,0,,41.37303588971435
GA+Tabu,uniform_01,uniform,20091,1407.6073905688477,13.178158427451292,0,,0,,40.3330967388784
ACO,uniform_01,uniform,20091,1781.5127132431396,43.24187941246021,0,,0,,43.867547553084925
DPSO,uniform_01,uniform,20091,1539.3855625437338,23.77373424282572,0,,0,,46.58263439140294
DWOA-original,uniform_01,uniform,20091,1764.1727827688123,41.84766863217203,0,,0,,63.73324121952588
DWOA+Tabu-fixed,uniform_01,uniform,20091,1406.8439272918122,13.116772441344084,0,,0,,51.41747459426826
DWOA-AVNS,uniform_01,uniform,20091,1512.4921794169795,21.611381589263782,0,,0,,46.42565504542497
DFOX-Base,uniform_01,uniform,20091,1765.6645284209276,41.96761189680659,0,,0,,54.76589237932861
DFOX-APNS,uniform_01,uniform,20091,1505.028775258047,21.01128930219047,0,,0,,36.282980662553825
GA,uniform_02,uniform,77,1668.3785652347165,25.22739663768843,0,,0,,41.493275594442416
Tabu,uniform_02,uniform,77,1572.383359892317,18.022059728413407,0,,0,,44.898809280235746
GA+Tabu,uniform_02,uniform,77,1377.06077312176,3.3612749667878323,1,980,0,,29.850746360105997
ACO,uniform_02,uniform,77,1872.902245379822,40.5788094099615,0,,0,,41.10683931942875
DPSO,uniform_02,uniform,77,1717.235134917416,28.894538590660915,0,,0,,45.67540583895502
DWOA-original,uniform_02,uniform,77,1831.7652174272232,37.491091176665314,0,,0,,46.89608567624341
DWOA+Tabu-fixed,uniform_02,uniform,77,1488.764008775403,11.745646288978724,0,,0,,45.853665563473655
DWOA-AVNS,uniform_02,uniform,77,1560.2638570035788,17.112377821126305,0,,0,,39.44018130387529
DFOX-Base,uniform_02,uniform,77,1882.8222908785024,41.323401493684656,0,,0,,46.79379162954659
DFOX-APNS,uniform_02,uniform,77,1372.9279075719392,3.05106479971773,1,833,0,,18.584749142358188
GA,uniform_02,uniform,10084,1676.802073941386,25.859659655130585,0,,0,,42.630687279903626
Tabu,uniform_02,uniform,10084,1574.8000185572955,18.203452536666486,0,,0,,30.575007828577352
GA+Tabu,uniform_02,uniform,10084,1332.2792056930787,0.0,1,1080,1,1140,28.886919924954782
ACO,uniform_02,uniform,10084,1785.4478257631959,34.01453825396679,0,,0,,34.35552155728867
DPSO,uniform_02,uniform,10084,1762.676111570235,32.30530837965418,0,,0,,49.890296854208174
DWOA-original,uniform_02,uniform,10084,1805.5065328981834,35.5201316047654,0,,0,,49.18810821274754
DWOA+Tabu-fixed,uniform_02,uniform,10084,1435.7613649006798,7.767302736949021,0,,0,,41.02945276561704
DWOA-AVNS,uniform_02,uniform,10084,1634.713609351029,22.70052721423493,0,,0,,36.19051949985426
DFOX-Base,uniform_02,uniform,10084,1912.666561918411,43.5634928283222,0,,0,,53.40888345821871
DFOX-APNS,uniform_02,uniform,10084,1492.1412645337432,11.999140882597583,0,,0,,29.764138705166452
GA,uniform_02,uniform,20091,1670.530142345518,25.38889259901601,0,,0,,43.34330188077199
Tabu,uniform_02,uniform,20091,1611.4679590405822,20.955724006985747,0,,0,,32.37498820526558
GA+Tabu,uniform_02,uniform,20091,1563.4856671264633,17.35420476769405,0,,0,,38.180181072022414
ACO,uniform_02,uniform,20091,1785.185551736488,33.994852138204635,0,,0,,34.500926458486916
DPSO,uniform_02,uniform,20091,1653.7823577333666,24.131814912853454,0,,0,,48.5801757919423
DWOA-original,uniform_02,uniform,20091,1696.675814962246,27.35136957118541,0,,0,,42.063791394008675
DWOA+Tabu-fixed,uniform_02,uniform,20091,1531.4847084405596,14.952233878322092,0,,0,,44.95404660453988
DWOA-AVNS,uniform_02,uniform,20091,1504.9805729567538,12.962850919363586,0,,0,,34.4122007195895
DFOX-Base,uniform_02,uniform,20091,2022.3160384304135,51.7937103415469,0,,0,,56.99356153947461
DFOX-APNS,uniform_02,uniform,20091,1440.715117611655,8.139128153859138,0,,0,,24.628792083660027
GA,clustered_01,clustered,77,1845.522417515127,41.6875366259365,0,,0,,53.19637615256309
Tabu,clustered_01,clustered,77,1600.746412370078,22.89518337951201,0,,0,,43.52303784090615
GA+Tabu,clustered_01,clustered,77,1453.5344333749758,11.593178880574973,0,,0,,49.89367878063535
ACO,clustered_01,clustered,77,1692.735787604156,29.95754569436513,0,,0,,30.718855964412423
DPSO,clustered_01,clustered,77,1676.4904907294363,28.71033456645305,0,,0,,56.082995592360156
DWOA-original,clustered_01,clustered,77,1815.6043009658295,39.39061289630486,0,,0,,54.62453269615229
DWOA+Tabu-fixed,clustered_01,clustered,77,1575.395973114671,20.948937017833988,0,,0,,43.583023852458936
DWOA-AVNS,clustered_01,clustered,77,1374.2216771586648,5.504047182877545,0,,0,,32.43868454043586
DFOX-Base,clustered_01,clustered,77,1988.6167919761888,52.6734174963058,0,,0,,64.56974460073245
DFOX-APNS,clustered_01,clustered,77,1451.996910953168,11.47513763524217,0,,0,,29.96121381435389
GA,clustered_01,clustered,10084,1701.7114450712274,30.646639895572317,0,,0,,48.07205048842523
Tabu,clustered_01,clustered,10084,1444.7185505568827,10.916351166197838,0,,0,,29.0040079803449
GA+Tabu,clustered_01,clustered,10084,1603.4605091875926,23.10355456405483,0,,0,,45.04092961509172
ACO,clustered_01,clustered,10084,1659.609649374684,27.41433035375512,0,,0,,28.297480736052435
DPSO,clustered_01,clustered,10084,1574.673574353702,20.893475810789344,0,,0,,48.7701799369241
DWOA-original,clustered_01,clustered,10084,1730.8591046320175,32.884412811460464,0,,0,,45.4388413599095
DWOA+Tabu-fixed,clustered_01,clustered,10084,1454.1986714225127,11.644174875961168,0,,0,,47.63083105131003
DWOA-AVNS,clustered_01,clustered,10084,1612.30684077149,23.78271994205456,0,,0,,35.696486281987404
DFOX-Base,clustered_01,clustered,10084,1647.9809594217852,26.521553101105184,0,,0,,42.497313338132315
DFOX-APNS,clustered_01,clustered,10084,1302.5298212272655,0.0,1,936,1,1056,25.281935832573875
GA,clustered_01,clustered,20091,1629.0848738256961,25.07083118379163,0,,0,,47.520412139683394
Tabu,clustered_01,clustered,20091,1478.299997466831,13.494522227057484,0,,0,,29.910313705270305
GA+Tabu,clustered_01,clustered,20091,1336.1781947951795,2.5833092662868853,1,1040,0,,31.45233027705177
ACO,clustered_01,clustered,20091,1733.6957627346242,33.10219347616217,0,,0,,33.4550215476333
DPSO,clustered_01,clustered,20091,1676.7833134846833,28.73281564523335,0,,0,,47.54125416902482
DWOA-original,clustered_01,clustered,20091,1558.473431330212,19.649731309935923,0,,0,,55.390696058374516
DWOA+Tabu-fixed,clustered_01,clustered,20091,1716.158565333174,31.7557983982417,0,,0,,52.886842033192494
DWOA-AVNS,clustered_01,clustered,20091,1513.550736675625,16.200850990845808,0,,0,,34.937071992412456
DFOX-Base,clustered_01,clustered,20091,1883.4323095285672,44.59801832052993,0,,0,,59.92268661076999
DFOX-APNS,clustered_01,clustered,20091,1550.2348605342922,19.017225960602946,0,,0,,39.31391539300832
GA,clustered_02,clustered,77,1876.4035881263017,33.10083156594492,0,,0,,45.70202483362662
Tabu,clustered_02,clustered,77,1562.2664519559607,10.817824693330444,0,,0,,26.66594659670716
GA+Tabu,clustered_02,clustered,77,1613.595162926592,14.458776009257683,0,,0,,34.303308955662125
ACO,clustered_02,clustered,77,1766.078214047729,25.275010337716946,0,,0,,25.645824023985302
DPSO,clustered_02,clustered,77,1734.4725153445088,23.03309137836236,0,,0,,44.33133334553928
DWOA-original,clustered_02,clustered,77,1895.9923587559906,34.49034162479622,0,,0,,43.75474423951558
DWOA+Tabu-fixed,clustered_02,clustered,77,1606.986469723351,13.989994897090913,0,,0,,37.9111220781851
DWOA-AVNS,clustered_02,clustered,77,1531.030520654851,8.602134818709189,0,,0,,27.326129057133286
DFOX-Base,clustered_02,clustered,77,1975.057818394711,40.098771758190836,0,,0,,50.0414288832216
DFOX-APNS,clustered_02,clustered,77,1436.839947326558,1.9208197141118546,1,934,0,,20.900710959750782
GA,clustered_02,clustered,10084,1817.064380464148,28.891663594685784,0,,0,,43.23143752191746
Tabu,clustered_02,clustered,10084,1590.5331959342466,12.822898203623833,0,,0,,30.481574671320875
GA+Tabu,clustered_02,clustered,10084,1559.7830048632827,10.641663831521633,0,,0,,35.941405647998906
ACO,clustered_02,clustered,10084,1664.3260140773314,18.0573187305249,0,,0,,18.18302189648807
DPSO,clustered_02,clustered,10084,1895.218309507511,34.43543520738284,0,,0,,49.825002705533485
DWOA-original,clustered_02,clustered,10084,1878.9227112045005,33.27952306848039,0,,0,,46.93490573239131
DWOA+Tabu-fixed,clustered_02,clustered,10084,1659.2242014401627,17.6954267000482,0,,0,,45.23754416234677
DWOA-AVNS,clustered_02,clustered,10084,1499.2025533875567,6.344449458727135,0,,0,,23.641336771148246
DFOX-Base,clustered_02,clustered,10084,1903.262410051973,35.00603551876738,0,,0,,47.657905570348156
DFOX-APNS,clustered_02,clustered,10084,1524.455594290698,8.13574892385621,0,,0,,19.971149799208426
GA,clustered_02,clustered,20091,1770.9515330487325,25.620694398237944,0,,0,,42.850903696841186
Tabu,clustered_02,clustered,20091,1620.6232076206663,14.957303404421118,0,,0,,31.321759498984665
GA+Tabu,clustered_02,clustered,20091,1430.9003161532585,1.4994978549106472,1,920,0,,28.1159053706626
ACO,clustered_02,clustered,20091,1743.386861587771,23.66542170716425,0,,0,,24.868574540298155
DPSO,clustered_02,clustered,20091,1878.362962600258,33.239817855186196,0,,0,,47.81896526325198
DWOA-original,clustered_02,clustered,20091,1767.1837431855515,25.35342995303621,0,,0,,37.38404852887784
DWOA+Tabu-fixed,clustered_02,clustered,20091,1588.6399668155816,12.688603869700286,0,,0,,40.91657045380298
DWOA-AVNS,clustered_02,clustered,20091,1622.664534009432,15.102102871636761,0,,0,,30.133163719764795
DFOX-Base,clustered_02,clustered,20091,1967.4961283379052,39.56239075733707,0,,0,,51.36213400753246
DFOX-APNS,clustered_02,clustered,20091,1409.7609804914223,0.0,1,773,1,884,21.400788576958423
GA,price_distance_conflict_01,price_distance_conflict,77,1789.2689002659667,26.502167880801675,0,,0,,44.610769984900124
Tabu,price_distance_conflict_01,price_distance_conflict,77,1709.8826788968306,20.889524022984574,0,,0,,29.83581169442033
GA+Tabu,price_distance_conflict_01,price_distance_conflict,77,1573.547578656783,11.250567164097236,0,,0,,29.46010285148023
ACO,price_distance_conflict_01,price_distance_conflict,77,1875.0064474274573,32.56385351290472,0,,0,,33.951541786161606
DPSO,price_distance_conflict_01,price_distance_conflict,77,1712.254707019546,21.057227546894882,0,,0,,36.67737129934707
DWOA-original,price_distance_conflict_01,price_distance_conflict,77,1765.952960655032,24.853719787548243,0,,0,,33.56760499043852
DWOA+Tabu-fixed,price_distance_conflict_01,price_distance_conflict,77,1674.7079044121754,18.402650626612584,0,,0,,38.632403275410944
DWOA-AVNS,price_distance_conflict_01,price_distance_conflict,77,1630.9057514391357,15.305817440660281,0,,0,,33.521079413736516
DFOX-Base,price_distance_conflict_01,price_distance_conflict,77,1882.14272123604,33.06839148774042,0,,0,,41.80515168196392
DFOX-APNS,price_distance_conflict_01,price_distance_conflict,77,1538.6721217257323,8.784855662066636,0,,0,,25.116564204841286
GA,price_distance_conflict_01,price_distance_conflict,10084,1801.2299020978105,27.34781643677309,0,,0,,38.186569581540645
Tabu,price_distance_conflict_01,price_distance_conflict,10084,1575.1206964474304,11.361787345043313,0,,0,,21.019990176631463
GA+Tabu,price_distance_conflict_01,price_distance_conflict,10084,1588.8037243948243,12.329183971822898,0,,0,,30.378861898406274
ACO,price_distance_conflict_01,price_distance_conflict,10084,1893.5619439904158,33.87573600355222,0,,0,,35.09337448826441
DPSO,price_distance_conflict_01,price_distance_conflict,10084,1769.0157539642823,25.07026074085794,0,,0,,35.53780455114355
DWOA-original,price_distance_conflict_01,price_distance_conflict,10084,1781.7935905779786,25.97365990697489,0,,0,,34.41031911237875
DWOA+Tabu-fixed,price_distance_conflict_01,price_distance_conflict,10084,1606.1269214572765,13.553942297807772,0,,0,,32.94700783198452
DWOA-AVNS,price_distance_conflict_01,price_distance_conflict,10084,1718.8894753514007,21.5263088444247,0,,0,,34.39687016218225
DFOX-Base,price_distance_conflict_01,price_distance_conflict,10084,1918.6156126877215,35.64704237516882,0,,0,,44.79407788062471
DFOX-APNS,price_distance_conflict_01,price_distance_conflict,10084,1414.4175789555866,0.0,1,701,1,1124,14.441891974809119
GA,price_distance_conflict_01,price_distance_conflict,20091,1790.7880140228044,26.609569950702376,0,,0,,36.623871586306485
Tabu,price_distance_conflict_01,price_distance_conflict,20091,1608.0721674687932,13.691472122129744,0,,0,,35.87636768384515
GA+Tabu,price_distance_conflict_01,price_distance_conflict,20091,1645.2508703248354,16.320024213761354,0,,0,,32.888543077143666
ACO,price_distance_conflict_01,price_distance_conflict,20091,1780.458494486551,25.879267974119138,0,,0,,26.11093772369163
DPSO,price_distance_conflict_01,price_distance_conflict,20091,1622.0435092339735,14.679252673860221,0,,0,,34.170457548893985
DWOA-original,price_distance_conflict_01,price_distance_conflict,20091,1851.6890907218938,30.915305230382582,0,,0,,40.388594290740386
DWOA+Tabu-fixed,price_distance_conflict_01,price_distance_conflict,20091,1594.3499203764397,12.72130268302492,0,,0,,34.8971616906659
DWOA-AVNS,price_distance_conflict_01,price_distance_conflict,20091,1619.6224801828637,14.508084760852697,0,,0,,28.40195030552823
DFOX-Base,price_distance_conflict_01,price_distance_conflict,20091,1981.7238749468845,40.1088267306604,0,,0,,43.66126182081192
DFOX-APNS,price_distance_conflict_01,price_distance_conflict,20091,1687.4093896532427,19.300651714130613,0,,0,,29.031444714484486
GA,price_distance_conflict_02,price_distance_conflict,77,1871.4397636306169,28.9926281838929,0,,0,,38.308405690439635
Tabu,price_distance_conflict_02,price_distance_conflict,77,1607.846002813927,10.823915174045537,0,,0,,25.595547917936667
GA+Tabu,price_distance_conflict_02,price_distance_conflict,77,1775.3108269789252,22.366754124677314,0,,0,,34.605434773487374
ACO,price_distance_conflict_02,price_distance_conflict,77,1770.3080327794423,22.021926797292494,0,,0,,22.455472364051285
DPSO,price_distance_conflict_02,price_distance_conflict,77,1850.4225617270972,27.54397663587459,0,,0,,37.76123194866065
DWOA-original,price_distance_conflict_02,price_distance_conflict,77,1862.0441847700988,28.34501962385246,0,,0,,35.19279067481398
DWOA+Tabu-fixed,price_distance_conflict_02,price_distance_conflict,77,1635.0118760407022,12.696375860481945,0,,0,,31.977740084173337
DWOA-AVNS,price_distance_conflict_02,price_distance_conflict,77,1834.2500075235341,26.42925185995291,0,,0,,34.5608001632486
DFOX-Base,price_distance_conflict_02,price_distance_conflict,77,1867.749779246043,28.73828882818728,0,,0,,36.89066102132421
DFOX-APNS,price_distance_conflict_02,price_distance_conflict,77,1541.4050211337399,6.244341194374107,0,,0,,21.53410797937082
GA,price_distance_conflict_02,price_distance_conflict,10084,1660.881982077333,14.479523271321975,0,,0,,25.716494811810733
Tabu,price_distance_conflict_02,price_distance_conflict,10084,1450.8114068058817,0.0,1,1105,1,1177,16.638802280636316
GA+Tabu,price_distance_conflict_02,price_distance_conflict,10084,1659.2599764900738,14.367723379230535,0,,0,,31.8987351827831
ACO,price_distance_conflict_02,price_distance_conflict,10084,1820.0491983876477,25.45043345052566,0,,0,,27.00744179070562
DPSO,price_distance_conflict_02,price_distance_conflict,10084,1764.6579430484908,21.632483365537922,0,,0,,36.46592495783464
DWOA-original,price_distance_conflict_02,price_distance_conflict,10084,1692.1347038879458,16.63367795083466,0,,0,,31.013609762500646
DWOA+Tabu-fixed,price_distance_conflict_02,price_distance_conflict,10084,1702.272641164504,17.332455009589523,0,,0,,34.42587739961405
DWOA-AVNS,price_distance_conflict_02,price_distance_conflict,10084,1618.3476195280534,11.547759545882041,0,,0,,32.236091670531266
DFOX-Base,price_distance_conflict_02,price_distance_conflict,10084,1970.7142997033745,35.835318805641,0,,0,,39.62731562152928
DFOX-APNS,price_distance_conflict_02,price_distance_conflict,10084,1475.913725004659,1.7302261397325778,1,881,0,,22.663162076049034
GA,price_distance_conflict_02,price_distance_conflict,20091,1867.7271070731313,28.73672610454136,0,,0,,38.40487538249735
Tabu,price_distance_conflict_02,price_distance_conflict,20091,1584.6706728993322,9.226510452392718,0,,0,,27.621453652059476
GA+Tabu,price_distance_conflict_02,price_distance_conflict,20091,1525.44144454357,5.144020607199004,0,,0,,23.80011016121979
ACO,price_distance_conflict_02,price_distance_conflict,20091,1858.0583135459437,28.070285691829525,0,,0,,28.249793288009936
DPSO,price_distance_conflict_02,price_distance_conflict,20091,1670.2073356515389,15.122291416820403,0,,0,,28.05305578758197
DWOA-original,price_distance_conflict_02,price_distance_conflict,20091,1836.989245930569,26.61805919867281,0,,0,,37.74870903901001
DWOA+Tabu-fixed,price_distance_conflict_02,price_distance_conflict,20091,1611.3060291816037,11.062404225857877,0,,0,,30.189407166999473
DWOA-AVNS,price_distance_conflict_02,price_distance_conflict,20091,1624.01288725118,11.93824915028895,0,,0,,31.411671919506404
DFOX-Base,price_distance_conflict_02,price_distance_conflict,20091,1928.6171508841826,32.93369088751804,0,,0,,40.08718829183344
DFOX-APNS,price_distance_conflict_02,price_distance_conflict,20091,1555.8762622707632,7.2417996558348765,0,,0,,19.0490119195773
GA,shared_hubs_01,shared_hubs,77,1373.152523697035,23.547706686175545,0,,0,,38.21780305531719
Tabu,shared_hubs_01,shared_hubs,77,1265.555141984924,13.866764819515621,0,,0,,30.142552753169007
GA+Tabu,shared_hubs_01,shared_hubs,77,1238.076978586067,11.39445091899091,0,,0,,31.05785871577703
ACO,shared_hubs_01,shared_hubs,77,1136.9703538927397,2.2975069189109147,1,922,0,,15.015648233767102
DPSO,shared_hubs_01,shared_hubs,77,1357.4425055175825,22.134217154186956,0,,0,,41.11326675804573
DWOA-original,shared_hubs_01,shared_hubs,77,1382.1034796440342,24.353057920518644,0,,0,,46.21581900691062
DWOA+Tabu-fixed,shared_hubs_01,shared_hubs,77,1313.8302348636048,18.210256829540192,0,,0,,40.067319457924846
DWOA-AVNS,shared_hubs_01,shared_hubs,77,1222.9930465856232,10.037292719661682,0,,0,,24.01888993547081
DFOX-Base,shared_hubs_01,shared_hubs,77,1509.0543215539042,35.77530352628371,0,,0,,47.19317005355248
DFOX-APNS,shared_hubs_01,shared_hubs,77,1170.3018642989557,5.296468505484792,0,,0,,27.200502451074513
GA,shared_hubs_01,shared_hubs,10084,1338.121665326375,20.395848359985592,0,,0,,33.7921545429938
Tabu,shared_hubs_01,shared_hubs,10084,1321.5807920564298,18.90760366478866,0,,0,,30.083319525564725
GA+Tabu,shared_hubs_01,shared_hubs,10084,1232.7551291411598,10.915624071353369,0,,0,,25.63041428539956
ACO,shared_hubs_01,shared_hubs,10084,1153.1688609998218,3.7549476403768054,1,1022,0,,15.866601169946241
DPSO,shared_hubs_01,shared_hubs,10084,1356.5987525023136,22.058301516086274,0,,0,,41.92634712944846
DWOA-original,shared_hubs_01,shared_hubs,10084,1457.2730242951432,31.11634509657428,0,,0,,43.60486867206922
DWOA+Tabu-fixed,shared_hubs_01,shared_hubs,10084,1246.2898167076949,12.13339091130875,0,,0,,34.610692249181355
DWOA-AVNS,shared_hubs_01,shared_hubs,10084,1213.267800744961,9.162275706010414,0,,0,,26.375999222985
DFOX-Base,shared_hubs_01,shared_hubs,10084,1481.297055084493,33.277877670822456,0,,0,,37.69065851053419
DFOX-APNS,shared_hubs_01,shared_hubs,10084,1111.4350565688685,0.0,1,656,1,747,17.207641261891656
GA,shared_hubs_01,shared_hubs,20091,1269.7221784317398,14.24168879030345,0,,0,,32.04781717210555
Tabu,shared_hubs_01,shared_hubs,20091,1351.403540108453,21.590868681108148,0,,0,,42.42735161923988
GA+Tabu,shared_hubs_01,shared_hubs,20091,1207.292192524169,8.624627717900387,0,,0,,32.42304555217765
ACO,shared_hubs_01,shared_hubs,20091,1159.9520907769029,4.36526038307737,1,820,0,,15.063253517143744
DPSO,shared_hubs_01,shared_hubs,20091,1340.1201084339539,20.57565581663972,0,,0,,41.308604743982315
DWOA-original,shared_hubs_01,shared_hubs,20091,1297.663739220212,16.755696300083734,0,,0,,35.07144005070159
DWOA+Tabu-fixed,shared_hubs_01,shared_hubs,20091,1304.4871413350368,17.36962349938312,0,,0,,37.03679593637208
DWOA-AVNS,shared_hubs_01,shared_hubs,20091,1174.1662684848664,5.644163511420678,0,,0,,22.273143414640302
DFOX-Base,shared_hubs_01,shared_hubs,20091,1579.5037793840588,42.113906705460046,0,,0,,51.09341036418088
DFOX-APNS,shared_hubs_01,shared_hubs,20091,1208.5997294847118,8.742271745125816,0,,0,,22.88320986943644
GA,shared_hubs_02,shared_hubs,77,1413.7629580801347,20.524055890995268,0,,0,,40.13549236549001
Tabu,shared_hubs_02,shared_hubs,77,1409.0621565531965,20.123310021451086,0,,0,,28.853555980627128
GA+Tabu,shared_hubs_02,shared_hubs,77,1350.4142017925997,15.12354019648862,0,,0,,39.87004235711883
ACO,shared_hubs_02,shared_hubs,77,1190.1714223708318,1.4627566876432325,1,770,0,,11.328593585906415
DPSO,shared_hubs_02,shared_hubs,77,1328.8102214785083,13.281789204243482,0,,0,,29.405359466020382
DWOA-original,shared_hubs_02,shared_hubs,77,1291.6065888891808,10.110159428603254,0,,0,,28.91066998377768
DWOA+Tabu-fixed,shared_hubs_02,shared_hubs,77,1372.6908224333374,17.022634139940624,0,,0,,33.115081680143334
DWOA-AVNS,shared_hubs_02,shared_hubs,77,1235.9185048903742,5.362720185005406,0,,0,,20.029013411061566
DFOX-Base,shared_hubs_02,shared_hubs,77,1599.4270533702725,36.352020310212474,0,,0,,42.54488720622271
DFOX-APNS,shared_hubs_02,shared_hubs,77,1256.6346354466561,7.1287815057809105,0,,0,,14.548664639445068
GA,shared_hubs_02,shared_hubs,10084,1356.5171032319888,15.64381584098353,0,,0,,31.39617841607292
Tabu,shared_hubs_02,shared_hubs,10084,1286.9775409818917,9.715530593895462,0,,0,,23.525018908936957
GA+Tabu,shared_hubs_02,shared_hubs,10084,1323.7197084254624,12.847820216576476,0,,0,,37.72339666244661
ACO,shared_hubs_02,shared_hubs,10084,1185.795547181655,1.0897109639183917,1,600,0,,11.084610284120117
DPSO,shared_hubs_02,shared_hubs,10084,1313.9426536438855,12.014321014882647,0,,0,,39.741316426633766
DWOA-original,shared_hubs_02,shared_hubs,10084,1405.7971486465824,19.84496633365516,0,,0,,33.256474147994176
DWOA+Tabu-fixed,shared_hubs_02,shared_hubs,10084,1436.2221725177392,22.438716054267317,0,,0,,38.679977552459924
DWOA-AVNS,shared_hubs_02,shared_hubs,10084,1414.625877662569,20.597620251546907,0,,0,,36.06390742987061
DFOX-Base,shared_hubs_02,shared_hubs,10084,1474.6189792782625,25.712064572554603,0,,0,,36.356964554957095
DFOX-APNS,shared_hubs_02,shared_hubs,10084,1274.5629487222145,8.657179897395999,0,,0,,23.61906742456223
GA,shared_hubs_02,shared_hubs,20091,1311.6930329356528,11.822539634260844,0,,0,,27.895278494962966
Tabu,shared_hubs_02,shared_hubs,20091,1332.9379593509825,13.633681087675654,0,,0,,21.32283754217581
GA+Tabu,shared_hubs_02,shared_hubs,20091,1270.3043146924235,8.294129045842475,0,,0,,28.59808175834549
ACO,shared_hubs_02,shared_hubs,20091,1173.0130948785647,0.0,1,757,1,1056,12.326152065454949
DPSO,shared_hubs_02,shared_hubs,20091,1571.0679680023059,33.93439296301713,0,,0,,44.05725191224307
DWOA-original,shared_hubs_02,shared_hubs,20091,1256.9101949896803,7.1522731056809725,0,,0,,21.599141417838354
DWOA+Tabu-fixed,shared_hubs_02,shared_hubs,20091,1255.5673040577942,7.0377909283080795,0,,0,,31.019144040225765
DWOA-AVNS,shared_hubs_02,shared_hubs,20091,1349.68620513895,15.061478088501243,0,,0,,25.089451656287856
DFOX-Base,shared_hubs_02,shared_hubs,20091,1567.0835632551366,33.59472030594575,0,,0,,37.420042860456626
DFOX-APNS,shared_hubs_02,shared_hubs,20091,1216.298110909945,3.6900709992381957,1,734,0,,17.51355026867313
GA,deceptive_groups_01,deceptive_groups,77,1120.972688868057,47.424885885307205,0,,0,,84.71084334249363
Tabu,deceptive_groups_01,deceptive_groups,77,792.3417986462676,4.20494665712072,1,913,0,,31.939300923387947
GA+Tabu,deceptive_groups_01,deceptive_groups,77,950.2511259126452,24.972414753046348,0,,0,,75.79910236263771
ACO,deceptive_groups_01,deceptive_groups,77,892.4477038450916,17.370389309683944,0,,0,,17.671924442289146
DPSO,deceptive_groups_01,deceptive_groups,77,1207.810264600205,58.845342262166795,0,,0,,92.66550550564165
DWOA-original,deceptive_groups_01,deceptive_groups,77,1111.7526593748335,46.21231236822159,0,,0,,80.58875751001568
DWOA+Tabu-fixed,deceptive_groups_01,deceptive_groups,77,1137.1200963797833,49.548514528002876,0,,0,,85.70355136995914
DWOA-AVNS,deceptive_groups_01,deceptive_groups,77,803.924703025815,5.72827400785173,0,,0,,45.59988637619272
DFOX-Base,deceptive_groups_01,deceptive_groups,77,1311.9433828439032,72.54042442287532,0,,0,,103.2865361796498
DFOX-APNS,deceptive_groups_01,deceptive_groups,77,760.9746002622194,0.07968500870387156,1,768,1,1062,41.26996172356323
GA,deceptive_groups_01,deceptive_groups,10084,1341.7636854185962,76.46224584439338,0,,0,,105.31962641439307
Tabu,deceptive_groups_01,deceptive_groups,10084,870.2279172476899,14.448150850131793,0,,0,,42.67616020892474
GA+Tabu,deceptive_groups_01,deceptive_groups,10084,840.4234892580546,10.528417176971782,0,,0,,58.95897279229398
ACO,deceptive_groups_01,deceptive_groups,10084,851.8190775696193,12.027109627833184,0,,0,,13.664711081677677
DPSO,deceptive_groups_01,deceptive_groups,10084,958.2687974926031,26.026859994646955,0,,0,,74.3042574088035
DWOA-original,deceptive_groups_01,deceptive_groups,10084,1058.4834913691993,39.20661000595805,0,,0,,78.33533611095604
DWOA+Tabu-fixed,deceptive_groups_01,deceptive_groups,10084,962.470008471076,26.579382866285236,0,,0,,92.42814037644804
DWOA-AVNS,deceptive_groups_01,deceptive_groups,10084,837.3179977582396,10.119998011612521,0,,0,,51.34696839421592
DFOX-Base,deceptive_groups_01,deceptive_groups,10084,1514.5183053619512,99.18209476152116,0,,0,,118.99324499431724
DFOX-APNS,deceptive_groups_01,deceptive_groups,10084,760.3687003971264,0.0,1,619,1,773,30.145413414485315
GA,deceptive_groups_01,deceptive_groups,20091,978.9878875098211,28.751734125630627,0,,0,,73.12657257110044
Tabu,deceptive_groups_01,deceptive_groups,20091,905.7715525123485,19.122677201110584,0,,0,,45.21500664462414
GA+Tabu,deceptive_groups_01,deceptive_groups,20091,812.190575128964,6.815361377286049,0,,0,,59.65526843252682
ACO,deceptive_groups_01,deceptive_groups,20091,926.849157753712,21.894701513836107,0,,0,,22.943112528084043
DPSO,deceptive_groups_01,deceptive_groups,20091,1027.1766599451566,35.089287527048576,0,,0,,86.98947388579306
DWOA-original,deceptive_groups_01,deceptive_groups,20091,994.3114209634512,30.76701085199073,0,,0,,63.205933276717325
DWOA+Tabu-fixed,deceptive_groups_01,deceptive_groups,20091,837.5193458583582,10.14647833622523,0,,0,,58.94438616624155
DWOA-AVNS,deceptive_groups_01,deceptive_groups,20091,829.4462356827698,9.08474207967339,0,,0,,38.58841366084152
DFOX-Base,deceptive_groups_01,deceptive_groups,20091,1128.167894072722,48.371164342180435,0,,0,,81.56648586617264
DFOX-APNS,deceptive_groups_01,deceptive_groups,20091,780.4287227983125,2.638196757797776,1,889,0,,47.572448501152614
GA,deceptive_groups_02,deceptive_groups,77,1194.066513362955,46.96660996844269,0,,0,,74.16425959903263
Tabu,deceptive_groups_02,deceptive_groups,77,886.306574391311,9.08728380982623,0,,0,,50.170076617117395
GA+Tabu,deceptive_groups_02,deceptive_groups,77,959.727727737443,18.12401491860182,0,,0,,66.27167961216371
ACO,deceptive_groups_02,deceptive_groups,77,958.2823233579995,17.94611345389858,0,,0,,18.34351695486231
DPSO,deceptive_groups_02,deceptive_groups,77,1059.1824150301547,30.364973084085914,0,,0,,57.40574549106562
DWOA-original,deceptive_groups_02,deceptive_groups,77,1107.1370214127382,36.267262323041464,0,,0,,73.54773864610058
DWOA+Tabu-fixed,deceptive_groups_02,deceptive_groups,77,898.2948847874671,10.562814124473753,0,,0,,58.4081790062032
DWOA-AVNS,deceptive_groups_02,deceptive_groups,77,833.6058672379038,2.60084089680768,1,1060,0,,50.97264094866475
DFOX-Base,deceptive_groups_02,deceptive_groups,77,1114.6620523379233,37.19344882321173,0,,0,,86.19976777815403
DFOX-APNS,deceptive_groups_02,deceptive_groups,77,994.9657989442187,22.46114338601092,0,,0,,38.88369846711175
GA,deceptive_groups_02,deceptive_groups,10084,1141.7521997269114,40.527724661910206,0,,0,,69.83788298461731
Tabu,deceptive_groups_02,deceptive_groups,10084,864.7186675816051,6.430227904957443,0,,0,,31.077696757513593
GA+Tabu,deceptive_groups_02,deceptive_groups,10084,857.3498410853513,5.523267164093854,0,,0,,37.17733274197707
ACO,deceptive_groups_02,deceptive_groups,10084,936.1339342392241,15.220072962334326,0,,0,,16.077902960685176
DPSO,deceptive_groups_02,deceptive_groups,10084,1215.5906757134005,49.615820157032765,0,,0,,72.94062161480342
DWOA-original,deceptive_groups_02,deceptive_groups,10084,1121.4641301445513,38.03065370651945,0,,0,,72.06229090322472
DWOA+Tabu-fixed,deceptive_groups_02,deceptive_groups,10084,917.4196216474726,12.916701208148432,0,,0,,77.98987102167477
DWOA-AVNS,deceptive_groups_02,deceptive_groups,10084,861.7856402334673,6.069228679640824,0,,0,,38.71480463635112
DFOX-Base,deceptive_groups_02,deceptive_groups,10084,1201.171747469179,47.841127558491294,0,,0,,73.26693468720721
DFOX-APNS,deceptive_groups_02,deceptive_groups,10084,812.4746931424424,0.0,1,663,1,1082,30.182021558120915
GA,deceptive_groups_02,deceptive_groups,20091,1184.1047960696596,45.74051426633953,0,,0,,84.64976642237131
Tabu,deceptive_groups_02,deceptive_groups,20091,888.4175672288188,9.347106405572946,0,,0,,40.11445237682646
GA+Tabu,deceptive_groups_02,deceptive_groups,20091,872.841887278875,7.430039931822099,0,,0,,45.67996799853754
ACO,deceptive_groups_02,deceptive_groups,20091,933.1764088342547,14.85605849764615,0,,0,,16.308972578555082
DPSO,deceptive_groups_02,deceptive_groups,20091,1163.8750553102714,43.2506224666153,0,,0,,85.35472751911902
DWOA-original,deceptive_groups_02,deceptive_groups,20091,1087.2297397990164,33.81705903895817,0,,0,,73.6243199473883
DWOA+Tabu-fixed,deceptive_groups_02,deceptive_groups,20091,934.4241583520879,15.009632452424633,0,,0,,67.26492546672695
DWOA-AVNS,deceptive_groups_02,deceptive_groups,20091,886.053906583106,9.056185264808455,0,,0,,51.3712727865488
DFOX-Base,deceptive_groups_02,deceptive_groups,20091,1269.9154802127641,56.30215820028298,0,,0,,96.99529393253069
DFOX-APNS,deceptive_groups_02,deceptive_groups,20091,836.7729793225134,2.9906514486120708,1,988,0,,34.87140423833163
