algorithm,runs,median_rpd_pct,mean_rpd_pct,iqr_rpd_pct,success_5pct_pct,ert_eval_5pct,median_conv_auc,eval_efficiency_vs_GA_x,mean_rank
DFOX-APNS,30,6.686561350077509,7.353640364839,10.28854759010562,43.333333333333336,2367.3076923076924,25.19925001870758,15.20714865962632,2.1
GA+Tabu,30,11.083095617725302,10.82751316339188,9.196511531195275,20.0,5830.0,34.59318065316288,6.174957118353345,3.2
DWOA-AVNS,30,11.743004348085496,12.941252424447985,9.155791523220467,3.3333333333333335,35860.0,34.486500441419054,1.003904071388734,3.533333333333333
Tabu,30,13.779118470822683,14.132988425353272,8.419120880397443,6.666666666666667,17809.0,30.826352293045474,2.0214498287382785,4.0
DWOA+Tabu-fixed,30,14.471114387706503,16.494989442212443,5.787679476694951,0.0,36000.0,42.30623830903799,1.0,4.6
ACO,30,24.470216022440596,22.566300483552148,19.146757827816774,20.0,5615.166666666667,25.257199282141727,6.411207740939717,6.0
DPSO,30,26.652818915644815,27.743936692734056,11.924792221266767,0.0,36000.0,47.06194428021388,1.0,7.0
DWOA-original,30,30.841158041186656,29.184862111514597,10.978359963543575,0.0,36000.0,45.82733018341006,1.0,7.366666666666666
GA,30,28.042271270657224,30.027968294501257,7.843598851690508,0.0,36000.0,43.28736970134472,1.0,7.533333333333333
DFOX-Base,30,39.83058125776395,42.38839507732733,13.009475219344743,0.0,36000.0,50.56741962370124,1.0,9.666666666666666
