Algorithm,U-01,C-01,PDC-01,SH-01,DG-01
DFOX-APNS,1458.807365861766,1434.9205309049084,1546.8330301115209,1163.4455501175119,767.2573411525527
GA+Tabu,1317.7430791475651,1464.3910457859158,1602.5340577921477,1226.0414334171319,867.6217300998879
DWOA-AVNS,1451.5963356926602,1500.0264182019266,1656.4725689911331,1203.4757052718169,823.5629788222749
Tabu,1469.372060905047,1507.9216534645973,1631.0251809376848,1312.8464913832688,856.1137561354353
DWOA+Tabu-fixed,1438.2110273760347,1581.9177366234526,1625.061582081964,1288.2023976354455,979.0364835697392
ACO,1785.8956478766231,1695.3470665711548,1849.6756286348082,1150.0304352231549,890.3719797228076
DPSO,1598.76518317896,1642.649126189274,1701.104656739267,1351.3871221512834,1064.418574012655
DWOA-original,1671.3894303637778,1701.6456123093528,1799.8118806516347,1379.0134143864632,1054.8491905691615
GA,1636.0047776545198,1725.4395788040167,1793.7622721288606,1326.9987891517167,1147.2414205988248
DFOX-Base,1749.166120908466,1840.010020308847,1927.4940696235487,1523.2850520074853,1318.2098607595256
