Algorithm,Median RPD (%),IQR RPD (pp),Success@5% (%),Conv. Eff. vs GA (×),Mean Rank,Median Exact Gap (%)
DFOX-APNS,6.686561350077509,10.28854759010562,43.333333333333336,1.7178038897669086,2.1,1.4653721065813772
GA+Tabu,11.083095617725302,9.196511531195275,20.0,1.2513266743336284,3.2,1.6917939384426468
DWOA-AVNS,11.743004348085496,9.155791523220469,3.333333333333333,1.2551975163404991,3.533333333333333,4.822544797203515
Tabu,13.779118470822684,8.419120880397443,6.666666666666667,1.4042326282993427,4.0,9.392498303087883
DWOA+Tabu-fixed,14.471114387706503,5.787679476694951,0.0,1.0231911753803253,4.6,8.879876890308656
ACO,24.4702160224406,19.14675782781677,20.0,1.7138626186455816,6.0,9.913595615877844
DPSO,26.65281891564481,11.924792221266769,0.0,0.9197956090297763,7.0,10.710850110347373
DWOA-original,30.841158041186656,10.978359963543577,0.0,0.9445754210009635,7.366666666666666,7.441753677711676
GA,28.042271270657224,7.843598851690508,0.0,1.0,7.533333333333333,10.584315333517267
DFOX-Base,39.83058125776395,13.009475219344743,0.0,0.8560327978660727,9.666666666666666,8.090346103505722
