Node_Name,X,Y,Objects
N000,-276,121,
N001,-256,290,Demand03:49;Demand14:90
N002,214,-364,Demand01:88;Demand07:86
N003,166,-198,Demand02:92
N004,313,-96,Demand01:103
N005,-332,341,Demand08:115;Demand10:58;Demand14:108
N006,433,160,Demand03:43;Demand08:63
N007,-13,-100,
N008,106,376,Demand04:43
N009,227,17,Demand08:88;Demand16:51
N010,-213,220,Demand07:86;Demand10:35;Demand15:112
N011,-416,79,
N012,-82,390,
N013,290,47,
N014,162,-211,Demand06:70;Demand07:84;Demand16:57
N015,-354,131,Demand01:74
N016,-58,59,Demand15:72
N017,-275,185,
N018,-342,-338,Demand08:58;Demand12:85
N019,-410,-247,Demand01:64;Demand02:73;Demand03:49
N020,-278,93,Demand03:52;Demand05:97;Demand11:48
N021,62,37,Demand07:80
N022,-11,-286,Demand01:70;Demand04:28
N023,-236,171,Demand02:77;Demand05:88;Demand11:46
N024,364,162,Demand07:108;Demand16:41
N025,307,29,Demand09:52;Demand11:75;Demand14:126
N026,-407,-12,
N027,67,73,Demand03:52
N028,137,-59,Demand06:52
N029,207,284,Demand02:138;Demand04:47;Demand07:80;Demand10:37
N030,141,334,Demand04:29;Demand07:66;Demand09:46;Demand11:56;Demand15:133
N031,97,445,Demand06:61;Demand15:140
N032,-144,-362,
N033,-57,275,Demand03:45
N034,-110,135,
N035,282,161,Demand10:62;Demand15:128
N036,-392,334,Demand09:65
N037,-217,285,Demand12:68
N038,-236,-230,Demand07:105
N039,341,-32,Demand12:61
N040,387,127,Demand01:57
N041,335,-327,
N042,-103,165,Demand12:44
N043,192,-392,Demand06:61;Demand07:90;Demand13:101
N044,-105,91,Demand06:80;Demand13:73
N045,267,-444,Demand03:52
N046,-416,370,
N047,246,212,Demand03:44;Demand04:48
N048,-176,63,Demand12:41;Demand13:51
N049,-298,-98,Demand01:52;Demand04:54;Demand14:97
N050,-174,-124,Demand06:71
N051,247,8,Demand05:113;Demand08:58;Demand14:77;Demand15:70
N052,-68,59,Demand03:65;Demand09:55;Demand13:76
N053,-68,354,
N054,261,-336,Demand03:61;Demand04:35;Demand06:67;Demand09:53
N055,289,-342,Demand04:50;Demand08:60;Demand09:66
N056,436,30,Demand03:66;Demand05:97;Demand12:52
N057,-372,-428,Demand05:99
N058,274,50,Demand09:48;Demand16:66
N059,-246,424,Demand04:52;Demand10:65;Demand11:80
N060,83,-280,Demand05:106
N061,271,-97,Demand13:66;Demand15:123
N062,-221,-291,Demand07:87;Demand16:81
N063,-235,-17,Demand01:69;Demand07:68
N064,-349,62,
N065,180,-317,Demand05:62;Demand16:53
N066,243,211,Demand10:53
N067,-151,35,
N068,406,-63,Demand05:77
N069,-265,316,Demand15:70
N070,-27,313,Demand08:65;Demand11:69
N071,-394,221,Demand01:60;Demand04:53;Demand05:54;Demand09:82
N072,85,0,
N073,73,51,Demand09:56
N074,334,-194,Demand11:56
N075,-217,240,
N076,-390,-148,Demand13:93
N077,86,-299,Demand13:62
N078,166,-181,Demand10:52
N079,376,-59,Demand06:78;Demand16:75
N080,81,-251,Demand13:55
N081,204,233,Demand10:37
N082,-89,442,Demand09:72
N083,343,236,Demand16:70
N084,-232,-67,Demand09:55
N085,-305,-253,Demand07:73
N086,310,369,Demand09:73;Demand16:64
N087,119,334,Demand16:38
N088,252,-277,Demand05:57
N089,34,-264,
N090,198,104,Demand02:113;Demand16:60
N091,-46,-321,Demand02:88
N092,284,41,
N093,-4,-173,Demand02:89;Demand11:52
N094,-116,-54,Demand12:73
N095,-13,202,Demand12:76;Demand14:106
